album_uri,album_name,album_img,album_release_date,album_release_year,album_popularity,track_name,track_uri,danceability,energy,key,loudness,mode,speechiness,acousticness,instrumentalness,liveness,valence,tempo,duration_ms,time_signature,key_mode,track_popularity,artist
5KMP6XLSrhsswEuN2A9VO2,Inside Wants Out,https://i.scdn.co/image/4fefd25928cc89dfdf44ddfd5451f76d67158788,1999,1999-01-01,47,Back To You - EP Version,2LfhnQyrBpRU0HgKIrC9VE,0.602,0.637,F#,-10.878,minor,0.0316,0.0746,0.133,0.121,0.532,99.374,237493,4,F# minor,41,John Mayer
5KMP6XLSrhsswEuN2A9VO2,Inside Wants Out,https://i.scdn.co/image/4fefd25928cc89dfdf44ddfd5451f76d67158788,1999,1999-01-01,47,No Such Thing - Demo Version,2hv6VI0I0BZDY15qsPOrjW,0.642,0.411,A,-9.484,major,0.0283,0.785,0.00384,0.103,0.494,129.146,229467,4,A major,46,John Mayer
5KMP6XLSrhsswEuN2A9VO2,Inside Wants Out,https://i.scdn.co/image/4fefd25928cc89dfdf44ddfd5451f76d67158788,1999,1999-01-01,47,My Stupid Mouth - Demo Version,2Aw2LtgxU2vLoZRL6yktvc,0.414,0.322,D,-9.51,major,0.0333,0.794,6.58e-5,0.137,0.427,175.131,254960,4,D major,41,John Mayer
5KMP6XLSrhsswEuN2A9VO2,Inside Wants Out,https://i.scdn.co/image/4fefd25928cc89dfdf44ddfd5451f76d67158788,1999,1999-01-01,47,Neon - EP Version,25ueyWzih8QBtf7EzHc3aW,0.592,0.379,A#,-12.347,minor,0.0503,0.833,2.25e-4,0.369,0.814,109.082,232760,4,A# minor,44,John Mayer
5KMP6XLSrhsswEuN2A9VO2,Inside Wants Out,https://i.scdn.co/image/4fefd25928cc89dfdf44ddfd5451f76d67158788,1999,1999-01-01,47,Victoria - EP Version,3EaMrRGeNLb0llMv2wylUr,0.682,0.264,G,-11.915,major,0.0378,0.865,0.0019,0.102,0.219,72.891,227040,4,G major,47,John Mayer
5KMP6XLSrhsswEuN2A9VO2,Inside Wants Out,https://i.scdn.co/image/4fefd25928cc89dfdf44ddfd5451f76d67158788,1999,1999-01-01,47,Love Soon - EP Version,34DLX2len1rusux53yqlRu,0.701,0.356,C,-10.237,major,0.031,0.836,3.23e-4,0.0944,0.564,97.304,217533,4,C major,40,John Mayer
5KMP6XLSrhsswEuN2A9VO2,Inside Wants Out,https://i.scdn.co/image/4fefd25928cc89dfdf44ddfd5451f76d67158788,1999,1999-01-01,47,Comfortable - EP Version,26PnyFUmYdeRG7nQrsTpHc,0.328,0.129,F,-13.523,major,0.0286,0.806,3.61e-6,0.105,0.114,84.73,299333,4,F major,50,John Mayer
5KMP6XLSrhsswEuN2A9VO2,Inside Wants Out,https://i.scdn.co/image/4fefd25928cc89dfdf44ddfd5451f76d67158788,1999,1999-01-01,47,Quiet - EP Version,2Sdkwd9ptjUCcYR9uPECmx,0.557,0.0695,F#,-14.11,major,0.0383,0.775,8.92e-5,0.104,0.126,103.23,200533,3,F# major,47,John Mayer
3yHOaiXecTJVUdn7mApZ48,Room For Squares,https://i.scdn.co/image/c8a60bd180d5efe02e44cb44634802fbc95f8e49,2001-08-16,2001-08-16,67,No Such Thing,6Vecwo7AHst9V2CE3kmwr0,0.668,0.739,E,-4.919,major,0.0308,0.0383,0,0.13,0.571,131.918,231467,4,E major,62,John Mayer
3yHOaiXecTJVUdn7mApZ48,Room For Squares,https://i.scdn.co/image/c8a60bd180d5efe02e44cb44634802fbc95f8e49,2001-08-16,2001-08-16,67,Why Georgia,1c7UYTut2SBOPq64o2t0uN,0.608,0.639,G,-7.205,major,0.0246,0.0208,5.94e-5,0.0893,0.369,96.915,268973,4,G major,63,John Mayer
3yHOaiXecTJVUdn7mApZ48,Room For Squares,https://i.scdn.co/image/c8a60bd180d5efe02e44cb44634802fbc95f8e49,2001-08-16,2001-08-16,67,My Stupid Mouth,3jFP1e8IUpD9QbltEI1Hcg,0.608,0.603,D,-6.792,major,0.0271,0.0143,1.22e-5,0.0833,0.49,88.824,223960,4,D major,59,John Mayer
3yHOaiXecTJVUdn7mApZ48,Room For Squares,https://i.scdn.co/image/c8a60bd180d5efe02e44cb44634802fbc95f8e49,2001-08-16,2001-08-16,67,Your Body Is a Wonderland,7vFv0yFGMJW3qVXbAd9BK9,0.647,0.729,F,-6.251,major,0.0236,0.0206,0.0489,0.134,0.687,94.01,249627,4,F major,75,John Mayer
3yHOaiXecTJVUdn7mApZ48,Room For Squares,https://i.scdn.co/image/c8a60bd180d5efe02e44cb44634802fbc95f8e49,2001-08-16,2001-08-16,67,Neon,7Kohy4v3KLWfUXlv9N3feB,0.699,0.77,F,-7.658,minor,0.036,0.0181,1.38e-4,0.0644,0.589,101.984,262107,4,F minor,60,John Mayer
3yHOaiXecTJVUdn7mApZ48,Room For Squares,https://i.scdn.co/image/c8a60bd180d5efe02e44cb44634802fbc95f8e49,2001-08-16,2001-08-16,67,City Love,5O3fUsQQBFxW8SH1kHthDH,0.651,0.548,F,-6.036,major,0.0304,0.00576,5.58e-5,0.145,0.411,67.604,240200,4,F major,49,John Mayer
3yHOaiXecTJVUdn7mApZ48,Room For Squares,https://i.scdn.co/image/c8a60bd180d5efe02e44cb44634802fbc95f8e49,2001-08-16,2001-08-16,67,83,0seE1aF8gzSPH79Dcvcbw2,0.704,0.838,D,-5.744,major,0.0289,0.0677,0.00669,0.121,0.699,121.972,290933,4,D major,49,John Mayer
3yHOaiXecTJVUdn7mApZ48,Room For Squares,https://i.scdn.co/image/c8a60bd180d5efe02e44cb44634802fbc95f8e49,2001-08-16,2001-08-16,67,3x5,2Knlcf82LF6hp6Bf0gldtN,0.502,0.785,F,-6.64,minor,0.0275,0.0847,0.0337,0.111,0.59,96.994,289227,4,F minor,49,John Mayer
3yHOaiXecTJVUdn7mApZ48,Room For Squares,https://i.scdn.co/image/c8a60bd180d5efe02e44cb44634802fbc95f8e49,2001-08-16,2001-08-16,67,Love Song for No One,2L4no3iw54gGX1ZwCNfYSL,0.528,0.755,D,-4.671,major,0.0311,0.0352,0,0.345,0.432,144.024,201560,4,D major,48,John Mayer
3yHOaiXecTJVUdn7mApZ48,Room For Squares,https://i.scdn.co/image/c8a60bd180d5efe02e44cb44634802fbc95f8e49,2001-08-16,2001-08-16,67,Back to You,3brCbW1KbGBUvMsqUhHQEy,0.571,0.835,F#,-5.574,minor,0.0327,0.00698,3.05e-5,0.0639,0.521,101.94,241640,4,F# minor,55,John Mayer
3yHOaiXecTJVUdn7mApZ48,Room For Squares,https://i.scdn.co/image/c8a60bd180d5efe02e44cb44634802fbc95f8e49,2001-08-16,2001-08-16,67,Great Indoors,2MCBSxOnkMcVkbaLplGYjX,0.591,0.617,C,-7.495,major,0.0259,0.0157,4.35e-5,0.146,0.48,109.956,216360,4,C major,46,John Mayer
3yHOaiXecTJVUdn7mApZ48,Room For Squares,https://i.scdn.co/image/c8a60bd180d5efe02e44cb44634802fbc95f8e49,2001-08-16,2001-08-16,67,Not Myself,24QhGejjYWG2CfbHRGLmEr,0.539,0.49,C#,-7.258,major,0.0234,0.0274,0.0166,0.102,0.226,89.991,216573,4,C# major,47,John Mayer
3yHOaiXecTJVUdn7mApZ48,Room For Squares,https://i.scdn.co/image/c8a60bd180d5efe02e44cb44634802fbc95f8e49,2001-08-16,2001-08-16,67,St. Patrick's Day,3W93koK957HaoaNHyA3dTm,0.597,0.439,A,-7.126,major,0.0258,0.0502,1.29e-4,0.19,0.127,127.89,321093,3,A major,50,John Mayer
63dnCQnCOfPpLQU1aZvKE7,Any Given Thursday,https://i.scdn.co/image/f58a002a4f44de730d6b45355e86aa5f235540f6,2003-02-18,2003-02-18,4,"3x5 - Live at the Oak Mountain Amphitheater, Birmingham, AL - September 2002",0FImRT14mgaNZblbRpZQBg,0.269,0.734,F,-9.558,minor,0.0365,0.148,0.00336,0.926,0.359,99.268,485227,4,F minor,1,John Mayer
63dnCQnCOfPpLQU1aZvKE7,Any Given Thursday,https://i.scdn.co/image/f58a002a4f44de730d6b45355e86aa5f235540f6,2003-02-18,2003-02-18,4,"No Such Thing - Live at the Oak Mountain Amphitheater, Birmingham, AL - September 2002",1WyvrmVqYkmQCBuibpLEqt,0.434,0.908,A,-7.334,major,0.0452,0.108,6.61e-5,0.341,0.464,135.599,286267,4,A major,1,John Mayer
63dnCQnCOfPpLQU1aZvKE7,Any Given Thursday,https://i.scdn.co/image/f58a002a4f44de730d6b45355e86aa5f235540f6,2003-02-18,2003-02-18,4,"Back to You - Live at the Oak Mountain Amphitheater, Birmingham, AL - September 2002",6zGmcB8lwH6tMndgPTXB63,0.431,0.936,F#,-6.73,minor,0.0449,0.0855,0.0337,0.843,0.652,105.684,276133,4,F# minor,2,John Mayer
63dnCQnCOfPpLQU1aZvKE7,Any Given Thursday,https://i.scdn.co/image/f58a002a4f44de730d6b45355e86aa5f235540f6,2003-02-18,2003-02-18,4,"City Love - Live at the Oak Mountain Amphitheater, Birmingham, AL - September 2002",264l2iadKOKZhOv3ag5ESC,0.518,0.774,G,-6.633,major,0.0343,0.163,0.00534,0.949,0.579,133.525,311e3,4,G major,1,John Mayer
63dnCQnCOfPpLQU1aZvKE7,Any Given Thursday,https://i.scdn.co/image/f58a002a4f44de730d6b45355e86aa5f235540f6,2003-02-18,2003-02-18,4,"Something's Missing - Live at the Oak Mountain Amphitheater, Birmingham, AL - September 2002",6EKX4Hi0h34HZa2rGBedMW,0.49,0.765,E,-7.54,major,0.0382,0.0708,0.00324,0.708,0.493,76.558,407467,4,E major,1,John Mayer
63dnCQnCOfPpLQU1aZvKE7,Any Given Thursday,https://i.scdn.co/image/f58a002a4f44de730d6b45355e86aa5f235540f6,2003-02-18,2003-02-18,4,"Lenny / Man On the Side - Live at the Oak Mountain Amphitheater, Birmingham, AL - September 2002",2ScVg7hVFkHfoYvVK3wAHC,0.438,0.315,E,-11.878,major,0.0345,0.803,0.00292,0.867,0.352,120.211,526307,3,E major,1,John Mayer
63dnCQnCOfPpLQU1aZvKE7,Any Given Thursday,https://i.scdn.co/image/f58a002a4f44de730d6b45355e86aa5f235540f6,2003-02-18,2003-02-18,4,"Message In a Bottle - Live at the Oak Mountain Amphitheater, Birmingham, AL - September 2002",1UsarbwGD3O7mXy7G8Qj9x,0.527,0.509,A,-10.926,major,0.057,0.241,3.34e-6,0.573,0.449,129.972,306827,4,A major,2,John Mayer
63dnCQnCOfPpLQU1aZvKE7,Any Given Thursday,https://i.scdn.co/image/f58a002a4f44de730d6b45355e86aa5f235540f6,2003-02-18,2003-02-18,4,"Love Song for No One - Live at the Oak Mountain Amphitheater, Birmingham, AL - September 2002",7DcLOJQLUhF32lF7vqpNS1,0.276,0.736,D,-8.824,major,0.0334,0.0698,8.64e-5,0.887,0.509,147.288,215707,4,D major,1,John Mayer
63dnCQnCOfPpLQU1aZvKE7,Any Given Thursday,https://i.scdn.co/image/f58a002a4f44de730d6b45355e86aa5f235540f6,2003-02-18,2003-02-18,4,"Why Georgia - Live at the Oak Mountain Amphitheater, Birmingham, AL - September 2002",14EqOD4Vc4H7uuatcbQ9Ri,0.376,0.717,G,-8.643,major,0.0383,0.0245,2.11e-4,0.848,0.579,98.337,504067,4,G major,2,John Mayer
63dnCQnCOfPpLQU1aZvKE7,Any Given Thursday,https://i.scdn.co/image/f58a002a4f44de730d6b45355e86aa5f235540f6,2003-02-18,2003-02-18,4,"Your Body Is a Wonderland - Live at the Oak Mountain Amphitheater, Birmingham, AL - September 2002",44r9WOHv83sK3mTk271FDL,0.56,0.783,F,-7.511,major,0.0374,0.0399,0.0612,0.84,0.782,97.928,365693,4,F major,3,John Mayer
63dnCQnCOfPpLQU1aZvKE7,Any Given Thursday,https://i.scdn.co/image/f58a002a4f44de730d6b45355e86aa5f235540f6,2003-02-18,2003-02-18,4,"My Stupid Mouth - Live at the Oak Mountain Amphitheater, Birmingham, AL - September 2002",5jliVqRLKzTLphQUvdehL7,0.465,0.842,D,-8.159,major,0.0386,0.112,1.14e-4,0.966,0.546,92.319,302267,4,D major,1,John Mayer
63dnCQnCOfPpLQU1aZvKE7,Any Given Thursday,https://i.scdn.co/image/f58a002a4f44de730d6b45355e86aa5f235540f6,2003-02-18,2003-02-18,4,"Covered in Rain - Live at the Oak Mountain Amphitheater, Birmingham, AL - September 2002",3GsHbBXnIbUUmvevSl5rrD,0.445,0.523,A#,-9.854,major,0.0316,0.0462,0.28,0.878,0.549,137.96,625173,4,A# major,3,John Mayer
63dnCQnCOfPpLQU1aZvKE7,Any Given Thursday,https://i.scdn.co/image/f58a002a4f44de730d6b45355e86aa5f235540f6,2003-02-18,2003-02-18,4,"83 Medley - Live at the Oak Mountain Amphitheater, Birmingham, AL - September 2002",4CGdAp0MVBpFa1MdUnRnEP,0.435,0.843,D,-8.09,major,0.0516,0.0985,2.76e-4,0.821,0.602,130.312,449893,4,D major,1,John Mayer
63dnCQnCOfPpLQU1aZvKE7,Any Given Thursday,https://i.scdn.co/image/f58a002a4f44de730d6b45355e86aa5f235540f6,2003-02-18,2003-02-18,4,"Comfortable - Live at the Oak Mountain Amphitheater, Birmingham, AL - September 2002",3YMLrDgy4mcMb5UFWyGn1U,0.205,0.455,F,-11.298,major,0.039,0.507,7.2e-5,0.743,0.277,181.957,457267,3,F major,1,John Mayer
63dnCQnCOfPpLQU1aZvKE7,Any Given Thursday,https://i.scdn.co/image/f58a002a4f44de730d6b45355e86aa5f235540f6,2003-02-18,2003-02-18,4,"Neon - Live at the Oak Mountain Amphitheater, Birmingham, AL - September 2002",2hjYTc5pvfqBRZGmiSwNpR,0.487,0.796,F,-9.273,minor,0.042,0.0411,0.453,0.508,0.726,107.416,622373,4,F minor,1,John Mayer
6WivmTXugLZLmAWnZhlz7g,Heavier Things,https://i.scdn.co/image/431b95063028599f2e885b0f9f3b1753cccba59a,2003-09-09,2003-09-09,60,Clarity,6atVS7UZBxoyJkkteM62u5,0.666,0.713,D,-3.551,major,0.0384,0.172,0.032,0.177,0.491,94.71,271427,4,D major,59,John Mayer
6WivmTXugLZLmAWnZhlz7g,Heavier Things,https://i.scdn.co/image/431b95063028599f2e885b0f9f3b1753cccba59a,2003-09-09,2003-09-09,60,Bigger Than My Body,0Jh9EBGN205Yc7JN2zZ2f1,0.607,0.936,E,-3.071,major,0.033,0.0121,0.0418,0.309,0.517,117.303,265960,4,E major,57,John Mayer
6WivmTXugLZLmAWnZhlz7g,Heavier Things,https://i.scdn.co/image/431b95063028599f2e885b0f9f3b1753cccba59a,2003-09-09,2003-09-09,60,Something's Missing,4ibzxSKw3a6rtIorruN5GO,0.545,0.899,C#,-3.41,minor,0.0302,0.0989,5.81e-4,0.131,0.531,152.027,304440,4,C# minor,51,John Mayer
6WivmTXugLZLmAWnZhlz7g,Heavier Things,https://i.scdn.co/image/431b95063028599f2e885b0f9f3b1753cccba59a,2003-09-09,2003-09-09,60,New Deep,7B2SMMslfm3Ocf7ZnTa5dS,0.708,0.846,D,-3.664,major,0.0269,0.15,0.00233,0.0714,0.859,144.993,247373,4,D major,47,John Mayer
6WivmTXugLZLmAWnZhlz7g,Heavier Things,https://i.scdn.co/image/431b95063028599f2e885b0f9f3b1753cccba59a,2003-09-09,2003-09-09,60,Come Back to Bed,1wU7z5XE8oa66ZvUlYAKfK,0.482,0.55,A,-4.485,major,0.0267,0.392,0.0208,0.111,0.353,114.435,323707,3,A major,53,John Mayer
6WivmTXugLZLmAWnZhlz7g,Heavier Things,https://i.scdn.co/image/431b95063028599f2e885b0f9f3b1753cccba59a,2003-09-09,2003-09-09,60,Home Life,4UoJ14X24nu9YGwE1r0JOy,0.677,0.826,C,-3.106,major,0.0245,0.0043,0.0385,0.111,0.605,105.982,253560,4,C major,44,John Mayer
6WivmTXugLZLmAWnZhlz7g,Heavier Things,https://i.scdn.co/image/431b95063028599f2e885b0f9f3b1753cccba59a,2003-09-09,2003-09-09,60,Split Screen Sadness,2eMVogxm08LgfgnWpahooV,0.634,0.789,G,-3.969,major,0.024,0.0248,1.73e-5,0.149,0.33,107.985,306333,4,G major,52,John Mayer
6WivmTXugLZLmAWnZhlz7g,Heavier Things,https://i.scdn.co/image/431b95063028599f2e885b0f9f3b1753cccba59a,2003-09-09,2003-09-09,60,Daughters,5FPnjikbwlDMULCCCa6ZCJ,0.674,0.413,D,-7.816,major,0.0274,0.837,1.91e-5,0.098,0.503,124.895,237907,3,D major,67,John Mayer
6WivmTXugLZLmAWnZhlz7g,Heavier Things,https://i.scdn.co/image/431b95063028599f2e885b0f9f3b1753cccba59a,2003-09-09,2003-09-09,60,Only Heart,3Ngl8Fn5UtCl2K7UD7EF9e,0.664,0.839,F,-2.619,major,0.034,0.0372,3.17e-4,0.103,0.949,120.942,228907,4,F major,46,John Mayer
6WivmTXugLZLmAWnZhlz7g,Heavier Things,https://i.scdn.co/image/431b95063028599f2e885b0f9f3b1753cccba59a,2003-09-09,2003-09-09,60,Wheel,2Jr39bnXx3WOUmdlI4S00f,0.582,0.395,A#,-8.279,major,0.0274,0.551,1.18e-4,0.258,0.226,117.179,332827,4,A# major,46,John Mayer
1QRIX6BuSGegYwiAZOv4R5,As/Is,https://i.scdn.co/image/333b19f6df335ebcc42fa1a194aecd7e95af0120,2004,2004-01-01,37,Only Heart - Live in Ohio,46FiM7f4pSkAwVDZ8ikki4,0.527,0.906,G,-4.197,minor,0.0307,5.24e-4,0.00826,0.624,0.782,122.709,312227,4,G minor,30,John Mayer
1QRIX6BuSGegYwiAZOv4R5,As/Is,https://i.scdn.co/image/333b19f6df335ebcc42fa1a194aecd7e95af0120,2004,2004-01-01,37,"My Stupid Mouth - Live in Philadelphia, PA & Hartford, CT",1KQ6mxVLMaJDtf36A1XRMd,0.41,0.735,D,-6.913,major,0.0356,0.11,0,0.933,0.467,90.758,289907,4,D major,30,John Mayer
1QRIX6BuSGegYwiAZOv4R5,As/Is,https://i.scdn.co/image/333b19f6df335ebcc42fa1a194aecd7e95af0120,2004,2004-01-01,37,No Such Thing - Live at C.W. Mitchell Pavillion,4NVQK1qNqgLYmFk90pE4vm,0.466,0.907,A,-5.006,major,0.0451,0.00469,0,0.887,0.56,133.551,234640,4,A major,30,John Mayer
1QRIX6BuSGegYwiAZOv4R5,As/Is,https://i.scdn.co/image/333b19f6df335ebcc42fa1a194aecd7e95af0120,2004,2004-01-01,37,"Covered in Rain - Live in Philadelphia, PA & Hartford, CT",1pCPho2f47NuhzD7HnRc6t,0.471,0.589,A#,-6.84,major,0.0306,0.00987,0.413,0.93,0.298,137.348,531560,4,A# major,34,John Mayer
1QRIX6BuSGegYwiAZOv4R5,As/Is,https://i.scdn.co/image/333b19f6df335ebcc42fa1a194aecd7e95af0120,2004,2004-01-01,37,Split Screen Sadness - Live at the Shoreline Amphitheater,3sCDePLRq8SLMqgJ1ZlKYN,0.535,0.702,G,-6.565,major,0.0321,0.0514,3.61e-6,0.939,0.245,107.985,357e3,4,G major,31,John Mayer
1QRIX6BuSGegYwiAZOv4R5,As/Is,https://i.scdn.co/image/333b19f6df335ebcc42fa1a194aecd7e95af0120,2004,2004-01-01,37,Blues Intro - Live at C.W. Mitchell Pavillion,733QXu4QpEgzcX4VaYdBPf,0.545,0.872,F,-3.248,major,0.0684,0.0195,0.805,0.732,0.787,156.963,195933,4,F major,30,John Mayer
1QRIX6BuSGegYwiAZOv4R5,As/Is,https://i.scdn.co/image/333b19f6df335ebcc42fa1a194aecd7e95af0120,2004,2004-01-01,37,Come Back to Bed - Live at C.W. Mitchell Pavillion,1DRvBeR62awPNhXZ71GsT3,0.426,0.571,A,-5.905,major,0.0343,0.0475,0.0366,0.867,0.33,115.695,717467,3,A major,31,John Mayer
1QRIX6BuSGegYwiAZOv4R5,As/Is,https://i.scdn.co/image/333b19f6df335ebcc42fa1a194aecd7e95af0120,2004,2004-01-01,37,Your Body Is a Wonderland - Live at C.W. Mitchell Pavillion,6K0kZE3kdIJh1NeLdx2f0R,0.59,0.732,F,-6.634,major,0.0287,0.0339,8.43e-5,0.477,0.591,95.031,249693,4,F major,32,John Mayer
1QRIX6BuSGegYwiAZOv4R5,As/Is,https://i.scdn.co/image/333b19f6df335ebcc42fa1a194aecd7e95af0120,2004,2004-01-01,37,Something's Missing - Live in Ohio,17XzFKjIqLmJHiq5k61x1v,0.354,0.751,C#,-6.578,minor,0.0542,0.0195,5.1e-4,0.295,0.285,152.508,543640,4,C# minor,29,John Mayer
1QRIX6BuSGegYwiAZOv4R5,As/Is,https://i.scdn.co/image/333b19f6df335ebcc42fa1a194aecd7e95af0120,2004,2004-01-01,37,Inner City Blues (Make Me Wanna Holler) - Live from Kansas City,40akG3NM0dfLmL5rWEQepG,0.568,0.81,A#,-5.818,minor,0.0401,0.192,0.0402,0.859,0.632,94.36,420067,4,A# minor,30,John Mayer
1QRIX6BuSGegYwiAZOv4R5,As/Is,https://i.scdn.co/image/333b19f6df335ebcc42fa1a194aecd7e95af0120,2004,2004-01-01,37,Clarity - Live in Ohio,6cc4XOqrB8qibHbAymBPSH,0.464,0.857,B,-4.809,minor,0.0355,0.00818,0.00131,0.768,0.361,94.77,549373,4,B minor,30,John Mayer
1QRIX6BuSGegYwiAZOv4R5,As/Is,https://i.scdn.co/image/333b19f6df335ebcc42fa1a194aecd7e95af0120,2004,2004-01-01,37,3x5 - Live in Ohio,3i5tXM8BXtTiBDxAAy3MGc,0.314,0.674,G#,-7.308,major,0.0411,0.234,4.46e-4,0.373,0.377,99.749,349e3,4,G# major,30,John Mayer
1QRIX6BuSGegYwiAZOv4R5,As/Is,https://i.scdn.co/image/333b19f6df335ebcc42fa1a194aecd7e95af0120,2004,2004-01-01,37,Home Life - Acoustic (Live at the Shoreline Amphitheater),3TZcKjWVkKqftRzGGZM4mi,0.424,0.45,A#,-10.078,major,0.0487,0.692,0,0.552,0.381,111.465,413467,4,A# major,29,John Mayer
1QRIX6BuSGegYwiAZOv4R5,As/Is,https://i.scdn.co/image/333b19f6df335ebcc42fa1a194aecd7e95af0120,2004,2004-01-01,37,Comfortable - Live at C.W. Mitchell Pavillion,6yzty3y4JAzaDB9GR26Wu7,0.282,0.354,F,-10.05,major,0.0315,0.671,2.28e-5,0.67,0.293,171.081,297067,3,F major,30,John Mayer
1QRIX6BuSGegYwiAZOv4R5,As/Is,https://i.scdn.co/image/333b19f6df335ebcc42fa1a194aecd7e95af0120,2004,2004-01-01,37,Neon - Live at C.W. Mitchell Pavillion,2atxvRnv9niP7JETxBcF4h,0.431,0.729,G#,-10.192,major,0.0701,0.5,1.76e-4,0.743,0.577,110.464,305627,4,G# major,29,John Mayer
4ZxNekqkeVlCYcNdD0mnD7,"As/Is: Mountain View, CA - 7/16/04",https://i.scdn.co/image/8d6d306956f6af3f52413cc0ad1fbac07e5fa40f,2004-08-10,2004-08-10,31,No Such Thing - Live at the Shoreline Amphitheater,4zvPBP0HVsoizqNcAAqS5a,0.465,0.731,A,-9.66,major,0.0367,0.13,3.6e-4,0.909,0.503,131.462,276707,4,A major,28,John Mayer
4ZxNekqkeVlCYcNdD0mnD7,"As/Is: Mountain View, CA - 7/16/04",https://i.scdn.co/image/8d6d306956f6af3f52413cc0ad1fbac07e5fa40f,2004-08-10,2004-08-10,31,Come Back to Bed - Live at the Shoreline Amphitheater,1qTXQwHB9eqAvAS7s194nk,0.46,0.487,A,-9.809,major,0.0304,0.00591,0.0371,0.922,0.348,114.952,432947,3,A major,28,John Mayer
4ZxNekqkeVlCYcNdD0mnD7,"As/Is: Mountain View, CA - 7/16/04",https://i.scdn.co/image/8d6d306956f6af3f52413cc0ad1fbac07e5fa40f,2004-08-10,2004-08-10,31,Something's Missing - Live at the Shoreline Amphitheater,0gaGfsSi1je2SHjkr1PWkQ,0.424,0.657,C#,-8.667,minor,0.0465,0.081,0.00343,0.963,0.322,149.103,596360,4,C# minor,28,John Mayer
4ZxNekqkeVlCYcNdD0mnD7,"As/Is: Mountain View, CA - 7/16/04",https://i.scdn.co/image/8d6d306956f6af3f52413cc0ad1fbac07e5fa40f,2004-08-10,2004-08-10,31,Split Screen Sadness - Live at the Shoreline Amphitheater,0mDtXKkRdK0WA4cSrN2And,0.316,0.599,G,-9.767,major,0.0369,0.0439,5.44e-6,0.974,0.226,107.399,355707,4,G major,25,John Mayer
4ZxNekqkeVlCYcNdD0mnD7,"As/Is: Mountain View, CA - 7/16/04",https://i.scdn.co/image/8d6d306956f6af3f52413cc0ad1fbac07e5fa40f,2004-08-10,2004-08-10,31,New Deep - Live at the Shoreline Amphitheater,3itFNxYqj0ZWf8CD4NhNAh,0.565,0.617,D,-9.813,major,0.0446,0.205,1.52e-4,0.839,0.703,147.106,338840,4,D major,26,John Mayer
4ZxNekqkeVlCYcNdD0mnD7,"As/Is: Mountain View, CA - 7/16/04",https://i.scdn.co/image/8d6d306956f6af3f52413cc0ad1fbac07e5fa40f,2004-08-10,2004-08-10,31,Why Georgia - Live at the Shoreline Amphitheater,2lSA0yHBl9SWojDOi63xeq,0.424,0.683,G,-9.779,major,0.0332,0.0133,1.14e-4,0.897,0.45,98.698,314440,4,G major,29,John Mayer
4ZxNekqkeVlCYcNdD0mnD7,"As/Is: Mountain View, CA - 7/16/04",https://i.scdn.co/image/8d6d306956f6af3f52413cc0ad1fbac07e5fa40f,2004-08-10,2004-08-10,31,Bigger Than My Body - Live at the Shoreline Amphitheater,6nziCDGUS6UJbm1ZCxRDuJ,0.532,0.932,A,-6.846,major,0.0449,0.00178,6.8e-5,0.931,0.435,118.213,431520,4,A major,27,John Mayer
4ZxNekqkeVlCYcNdD0mnD7,"As/Is: Mountain View, CA - 7/16/04",https://i.scdn.co/image/8d6d306956f6af3f52413cc0ad1fbac07e5fa40f,2004-08-10,2004-08-10,31,Home Life - Acoustic (Live at the Shoreline Amphitheater),4kcA6ZMuuqOUwGN0PXdTcK,0.422,0.402,A#,-11.736,major,0.0484,0.726,0,0.795,0.382,112.005,411787,4,A# major,24,John Mayer
4ZxNekqkeVlCYcNdD0mnD7,"As/Is: Mountain View, CA - 7/16/04",https://i.scdn.co/image/8d6d306956f6af3f52413cc0ad1fbac07e5fa40f,2004-08-10,2004-08-10,31,Tracing - Acoustic (Live at the Shoreline Amphitheater),18V8P4GpfI8oo7ZklTybgk,0.314,0.342,D,-14.439,major,0.0326,0.742,0,0.752,0.434,91.768,231480,4,D major,31,John Mayer
4ZxNekqkeVlCYcNdD0mnD7,"As/Is: Mountain View, CA - 7/16/04",https://i.scdn.co/image/8d6d306956f6af3f52413cc0ad1fbac07e5fa40f,2004-08-10,2004-08-10,31,Comfortable - Acoustic (Live at the Shoreline Amphitheater),6FlByTWooCUp5sC75ejZhF,0.256,0.374,F,-11.613,major,0.0437,0.81,0,0.8,0.298,179.448,381960,3,F major,29,John Mayer
1hC2L9ZBeCSUsh6w3xzqN7,"As/Is: Philadelphia, PA/Hartford, CT - 8/14-8/15/04",https://i.scdn.co/image/cb68c1687c5829dac26fbc509447485c130c39a1,2004-08-31,2004-08-31,37,"Your Body Is a Wonderland - Live in Philadelphia, PA & Hartford, CT",32vVjPXwoTBctUcEIQmU1t,0.534,0.724,F,-8.079,major,0.031,0.0537,1.06e-5,0.941,0.618,95.11,274013,4,F major,36,John Mayer
1hC2L9ZBeCSUsh6w3xzqN7,"As/Is: Philadelphia, PA/Hartford, CT - 8/14-8/15/04",https://i.scdn.co/image/cb68c1687c5829dac26fbc509447485c130c39a1,2004-08-31,2004-08-31,37,"Only Heart - Live in Philadelphia, PA & Hartford, CT",1Vis3NvnS2KmTz4QAB2wIz,0.534,0.862,F,-7.489,major,0.042,0.0034,0.0061,0.956,0.651,123.675,366547,4,F major,32,John Mayer
1hC2L9ZBeCSUsh6w3xzqN7,"As/Is: Philadelphia, PA/Hartford, CT - 8/14-8/15/04",https://i.scdn.co/image/cb68c1687c5829dac26fbc509447485c130c39a1,2004-08-31,2004-08-31,37,"Something's Missing - Live in Philadelphia, PA & Hartford, CT",5DIqePZRkBQ6uoMcPAannh,0.352,0.798,C#,-7.448,minor,0.0468,0.00381,0.00245,0.881,0.448,150.629,390613,4,C# minor,33,John Mayer
1hC2L9ZBeCSUsh6w3xzqN7,"As/Is: Philadelphia, PA/Hartford, CT - 8/14-8/15/04",https://i.scdn.co/image/cb68c1687c5829dac26fbc509447485c130c39a1,2004-08-31,2004-08-31,37,"New Deep - Live in Philadelphia, PA & Hartford, CT",5gK3r2HLaNDIYzpUCoaVgx,0.555,0.628,D,-7.911,major,0.0288,0.104,0.03,0.77,0.847,146.371,267107,4,D major,32,John Mayer
1hC2L9ZBeCSUsh6w3xzqN7,"As/Is: Philadelphia, PA/Hartford, CT - 8/14-8/15/04",https://i.scdn.co/image/cb68c1687c5829dac26fbc509447485c130c39a1,2004-08-31,2004-08-31,37,"Daughters - Live in Philadelphia, PA & Hartford, CT",2HqmzMSoYKIIxIo3IPDgtp,0.451,0.25,A,-17.072,major,0.0322,0.764,3.26e-6,0.827,0.18,120.399,403200,3,A major,33,John Mayer
1hC2L9ZBeCSUsh6w3xzqN7,"As/Is: Philadelphia, PA/Hartford, CT - 8/14-8/15/04",https://i.scdn.co/image/cb68c1687c5829dac26fbc509447485c130c39a1,2004-08-31,2004-08-31,37,"My Stupid Mouth - Live in Philadelphia, PA & Hartford, CT",6yAshuL3hHBl7zyoTn0j3W,0.43,0.693,G,-8.495,major,0.0328,0.127,7.92e-6,0.934,0.452,91.386,288707,4,G major,32,John Mayer
1hC2L9ZBeCSUsh6w3xzqN7,"As/Is: Philadelphia, PA/Hartford, CT - 8/14-8/15/04",https://i.scdn.co/image/cb68c1687c5829dac26fbc509447485c130c39a1,2004-08-31,2004-08-31,37,"Covered in Rain - Live in Philadelphia, PA & Hartford, CT",1fTZfLRD6E5snDW5YC7qk5,0.471,0.544,A#,-8.144,major,0.0302,0.00883,0.522,0.93,0.334,137.373,530427,4,A# major,35,John Mayer
1hC2L9ZBeCSUsh6w3xzqN7,"As/Is: Philadelphia, PA/Hartford, CT - 8/14-8/15/04",https://i.scdn.co/image/cb68c1687c5829dac26fbc509447485c130c39a1,2004-08-31,2004-08-31,37,"Come Back to Bed - Live in Philadelphia, PA & Hartford, CT",6T6O0Od0HcpJOD208yD0wr,0.418,0.525,D,-8.161,major,0.0326,0.0761,0.378,0.892,0.311,117.519,494347,3,D major,33,John Mayer
1hC2L9ZBeCSUsh6w3xzqN7,"As/Is: Philadelphia, PA/Hartford, CT - 8/14-8/15/04",https://i.scdn.co/image/cb68c1687c5829dac26fbc509447485c130c39a1,2004-08-31,2004-08-31,37,"83 - Live in Philadelphia, PA & Hartford, CT",5O1BIKBvlKw6JMLjGfvcQT,0.595,0.834,D,-7.534,major,0.04,0.0115,3.18e-4,0.741,0.49,125.265,509360,4,D major,32,John Mayer
1hC2L9ZBeCSUsh6w3xzqN7,"As/Is: Philadelphia, PA/Hartford, CT - 8/14-8/15/04",https://i.scdn.co/image/cb68c1687c5829dac26fbc509447485c130c39a1,2004-08-31,2004-08-31,37,"Hummingbird - Live in Philadelphia, PA & Hartford, CT",0YkaQ6bErWUqCSwiMS1BBF,0.313,0.396,C#,-11.053,minor,0.0272,0.681,1.58e-4,0.989,0.358,153.457,254733,4,C# minor,33,John Mayer
4rBHg7R3tDXJirsOrp4vG4,"As/Is: Houston, TX - 7/24/04",https://i.scdn.co/image/c8068f94c007923f99d46baf2b2b56e34a8a293f,2004-09-21,2004-09-21,2,Clarity - Live at C.W. Mitchell Pavillion,6RuPV6yw3jfbtIMV2sHf4z,0.556,0.728,B,-8.6,minor,0.0321,0.0219,0.00224,0.767,0.38,94.831,364587,4,B minor,1,John Mayer
4rBHg7R3tDXJirsOrp4vG4,"As/Is: Houston, TX - 7/24/04",https://i.scdn.co/image/c8068f94c007923f99d46baf2b2b56e34a8a293f,2004-09-21,2004-09-21,2,No Such Thing - Live at C.W. Mitchell Pavillion,3ljQCJaC03kxZv6mEDd020,0.479,0.785,A,-9.68,major,0.0336,0.00194,0,0.905,0.586,133.602,233320,4,A major,0,John Mayer
4rBHg7R3tDXJirsOrp4vG4,"As/Is: Houston, TX - 7/24/04",https://i.scdn.co/image/c8068f94c007923f99d46baf2b2b56e34a8a293f,2004-09-21,2004-09-21,2,Back to You - Live at C.W. Mitchell Pavillion,0kFRIuuaQnQDCgAu6cKfDG,0.445,0.872,F#,-7.48,minor,0.0388,0.00752,9.89e-4,0.924,0.57,102.394,282893,4,F# minor,1,John Mayer
4rBHg7R3tDXJirsOrp4vG4,"As/Is: Houston, TX - 7/24/04",https://i.scdn.co/image/c8068f94c007923f99d46baf2b2b56e34a8a293f,2004-09-21,2004-09-21,2,Daughters - Live at C.W. Mitchell Pavillion,3cBm83fn6vfL6QRkKkDxhD,0.524,0.402,D,-12.253,major,0.0293,0.269,1.89e-6,0.714,0.237,126.28,356587,3,D major,0,John Mayer
4rBHg7R3tDXJirsOrp4vG4,"As/Is: Houston, TX - 7/24/04",https://i.scdn.co/image/c8068f94c007923f99d46baf2b2b56e34a8a293f,2004-09-21,2004-09-21,2,Blues Intro - Live at C.W. Mitchell Pavillion,6nXqYS4ibVjE9VJnUjqhz7,0.534,0.826,F,-5.998,major,0.0743,0.0102,0.894,0.586,0.657,157.025,197413,4,F major,0,John Mayer
4rBHg7R3tDXJirsOrp4vG4,"As/Is: Houston, TX - 7/24/04",https://i.scdn.co/image/c8068f94c007923f99d46baf2b2b56e34a8a293f,2004-09-21,2004-09-21,2,Come Back to Bed - Live at C.W. Mitchell Pavillion,3NrqGdZTVg6KbXYB08mAkg,0.437,0.479,A,-9.292,major,0.0359,0.0327,0.127,0.877,0.304,115.928,716027,3,A major,1,John Mayer
4rBHg7R3tDXJirsOrp4vG4,"As/Is: Houston, TX - 7/24/04",https://i.scdn.co/image/c8068f94c007923f99d46baf2b2b56e34a8a293f,2004-09-21,2004-09-21,2,Your Body Is a Wonderland - Live at C.W. Mitchell Pavillion,7dbo1pM8w0iklh0bqSLcDR,0.604,0.618,F,-9.799,major,0.0284,0.0272,0.00132,0.791,0.637,95.049,249027,4,F major,2,John Mayer
4rBHg7R3tDXJirsOrp4vG4,"As/Is: Houston, TX - 7/24/04",https://i.scdn.co/image/c8068f94c007923f99d46baf2b2b56e34a8a293f,2004-09-21,2004-09-21,2,Bigger Than My Body - Live at C.W. Mitchell Pavillion,5czvYUDeDQUHZOgvkJJWVG,0.52,0.929,A,-6.382,major,0.0459,9.12e-4,1.42e-6,0.902,0.591,118.222,377520,4,A major,1,John Mayer
4rBHg7R3tDXJirsOrp4vG4,"As/Is: Houston, TX - 7/24/04",https://i.scdn.co/image/c8068f94c007923f99d46baf2b2b56e34a8a293f,2004-09-21,2004-09-21,2,Comfortable - Live at C.W. Mitchell Pavillion,4TJwX1l8lQc9yyfnxYrjuA,0.268,0.318,F,-11.117,major,0.0304,0.686,7.68e-5,0.859,0.289,174.771,297027,3,F major,1,John Mayer
4rBHg7R3tDXJirsOrp4vG4,"As/Is: Houston, TX - 7/24/04",https://i.scdn.co/image/c8068f94c007923f99d46baf2b2b56e34a8a293f,2004-09-21,2004-09-21,2,Neon - Live at C.W. Mitchell Pavillion,6SPQ1YTb86xoFfzQvRS3CB,0.429,0.671,G#,-11.694,major,0.0644,0.564,6.66e-4,0.839,0.568,110.695,303267,4,G# major,1,John Mayer
0u3x6X6FRE23fJEhPJoo6Q,"As/Is: Cleveland/Cincinnati, OH - 8/03-8/04/04",https://i.scdn.co/image/d12412f02beb0815b99c99efe8159837f9e67d37,2004-09-28,2004-09-28,38,Only Heart - Live in Ohio,1LTz7VhU0E4SXMw2ju0F6r,0.533,0.866,G,-6.557,minor,0.0307,4.39e-4,0.00217,0.696,0.819,122.745,310347,4,G minor,35,John Mayer
0u3x6X6FRE23fJEhPJoo6Q,"As/Is: Cleveland/Cincinnati, OH - 8/03-8/04/04",https://i.scdn.co/image/d12412f02beb0815b99c99efe8159837f9e67d37,2004-09-28,2004-09-28,38,New Deep - Live in Ohio,2nZX0BKd3hzOhh4TYL0BOI,0.512,0.882,D,-5.837,major,0.0412,0.264,7.65e-5,0.946,0.795,147.369,330693,4,D major,35,John Mayer
0u3x6X6FRE23fJEhPJoo6Q,"As/Is: Cleveland/Cincinnati, OH - 8/03-8/04/04",https://i.scdn.co/image/d12412f02beb0815b99c99efe8159837f9e67d37,2004-09-28,2004-09-28,38,No Such Thing - Live in Ohio,6WkH8Otrh3Rb8Eh7iqhiKx,0.459,0.743,A,-7.949,major,0.0301,0.0159,0,0.703,0.426,132.291,236440,4,A major,35,John Mayer
0u3x6X6FRE23fJEhPJoo6Q,"As/Is: Cleveland/Cincinnati, OH - 8/03-8/04/04",https://i.scdn.co/image/d12412f02beb0815b99c99efe8159837f9e67d37,2004-09-28,2004-09-28,38,Something's Missing - Live in Ohio,1DllSr1QGkvGHhyHEnKsBt,0.371,0.665,C#,-9.337,minor,0.0498,0.0195,6.69e-4,0.749,0.276,147.45,542613,4,C# minor,34,John Mayer
0u3x6X6FRE23fJEhPJoo6Q,"As/Is: Cleveland/Cincinnati, OH - 8/03-8/04/04",https://i.scdn.co/image/d12412f02beb0815b99c99efe8159837f9e67d37,2004-09-28,2004-09-28,38,My Stupid Mouth - Live in Ohio,4JWxwiTAQWmydYqQMVZNmq,0.432,0.746,G,-6.85,major,0.0349,0.123,0,0.875,0.434,90.306,252173,4,G major,34,John Mayer
0u3x6X6FRE23fJEhPJoo6Q,"As/Is: Cleveland/Cincinnati, OH - 8/03-8/04/04",https://i.scdn.co/image/d12412f02beb0815b99c99efe8159837f9e67d37,2004-09-28,2004-09-28,38,Daughters - Live in Ohio,1wo3sPQ60rUkV0GMJioik9,0.452,0.362,A,-12.993,major,0.0326,0.098,1.23e-4,0.614,0.203,122.058,497587,3,A major,35,John Mayer
0u3x6X6FRE23fJEhPJoo6Q,"As/Is: Cleveland/Cincinnati, OH - 8/03-8/04/04",https://i.scdn.co/image/d12412f02beb0815b99c99efe8159837f9e67d37,2004-09-28,2004-09-28,38,Clarity - Live in Ohio,2qGE8x9qNrxPNJZEdHibx0,0.467,0.738,B,-8.251,minor,0.0311,0.0075,0.00964,0.842,0.379,94.806,548893,4,B minor,34,John Mayer
0u3x6X6FRE23fJEhPJoo6Q,"As/Is: Cleveland/Cincinnati, OH - 8/03-8/04/04",https://i.scdn.co/image/d12412f02beb0815b99c99efe8159837f9e67d37,2004-09-28,2004-09-28,38,Quiet - Live in Ohio,4Zh8wefA6zKT1zhRvhqUUf,0.372,0.21,B,-10.525,major,0.0311,0.334,1.14e-5,0.876,0.157,118.62,224920,3,B major,33,John Mayer
0u3x6X6FRE23fJEhPJoo6Q,"As/Is: Cleveland/Cincinnati, OH - 8/03-8/04/04",https://i.scdn.co/image/d12412f02beb0815b99c99efe8159837f9e67d37,2004-09-28,2004-09-28,38,3x5 - Live in Ohio,7L84XRpu8WsUOFCx95uTAh,0.336,0.56,G#,-10.841,major,0.0422,0.263,7.71e-4,0.408,0.395,97.636,347773,4,G# major,33,John Mayer
0u3x6X6FRE23fJEhPJoo6Q,"As/Is: Cleveland/Cincinnati, OH - 8/03-8/04/04",https://i.scdn.co/image/d12412f02beb0815b99c99efe8159837f9e67d37,2004-09-28,2004-09-28,38,Wheel - Live in Ohio,09HcF30iAIUsqRZj4Nq5fO,0.495,0.386,F,-12.647,major,0.0288,0.0162,1.24e-6,0.424,0.42,112.34,417453,4,F major,34,John Mayer
1Xsprdt1q9rOzTic7b9zYM,Continuum,https://i.scdn.co/image/d9cedc03fcc8430a4d2db3c32a6cea2cde6bd737,2006-09-11,2006-09-11,72,Waiting On the World to Change,5imShWWzwqfAJ9gXFpGAQh,0.577,0.756,D,-5.82,major,0.115,0.159,2.32e-4,0.249,0.663,176.75,201173,4,D major,74,John Mayer
1Xsprdt1q9rOzTic7b9zYM,Continuum,https://i.scdn.co/image/d9cedc03fcc8430a4d2db3c32a6cea2cde6bd737,2006-09-11,2006-09-11,72,I Don't Trust Myself (With Loving You),7peh6LUcdNPcMdrSH4JPsM,0.842,0.384,A,-11.384,minor,0.0354,0.638,5.05e-4,0.0998,0.604,84.026,292013,4,A minor,59,John Mayer
1Xsprdt1q9rOzTic7b9zYM,Continuum,https://i.scdn.co/image/d9cedc03fcc8430a4d2db3c32a6cea2cde6bd737,2006-09-11,2006-09-11,72,Belief,35LDid9nvuYrUyZk5qGD0i,0.664,0.734,F,-8.024,major,0.0343,0.033,0.0404,0.0801,0.84,101.348,242333,4,F major,57,John Mayer
1Xsprdt1q9rOzTic7b9zYM,Continuum,https://i.scdn.co/image/d9cedc03fcc8430a4d2db3c32a6cea2cde6bd737,2006-09-11,2006-09-11,72,Gravity,3SktMqZmo3M9zbB7oKMIF7,0.764,0.326,G,-9.883,major,0.0342,0.731,0.0013,0.24,0.237,123.98,245827,3,G major,73,John Mayer
1Xsprdt1q9rOzTic7b9zYM,Continuum,https://i.scdn.co/image/d9cedc03fcc8430a4d2db3c32a6cea2cde6bd737,2006-09-11,2006-09-11,72,The Heart of Life,78DwRIo6Vj6wqteyerGetr,0.496,0.238,C#,-11.026,major,0.0301,0.958,0.0109,0.0875,0.349,175.96,198200,4,C# major,63,John Mayer
1Xsprdt1q9rOzTic7b9zYM,Continuum,https://i.scdn.co/image/d9cedc03fcc8430a4d2db3c32a6cea2cde6bd737,2006-09-11,2006-09-11,72,Vultures,1IdTIzkTK6CcpKKgMUGbg7,0.882,0.478,E,-10.386,major,0.0304,0.476,0.00581,0.0737,0.802,97.81,250840,4,E major,60,John Mayer
1Xsprdt1q9rOzTic7b9zYM,Continuum,https://i.scdn.co/image/d9cedc03fcc8430a4d2db3c32a6cea2cde6bd737,2006-09-11,2006-09-11,72,Stop This Train,3E6iea9uEmB7gRru4lyP6h,0.619,0.437,G,-11.756,major,0.0314,0.465,0.00609,0.0971,0.406,89.511,285053,4,G major,65,John Mayer
1Xsprdt1q9rOzTic7b9zYM,Continuum,https://i.scdn.co/image/d9cedc03fcc8430a4d2db3c32a6cea2cde6bd737,2006-09-11,2006-09-11,72,Slow Dancing in a Burning Room,2jdAk8ATWIL3dwT47XpRfu,0.668,0.361,C#,-8.69,minor,0.0273,0.573,0.00506,0.0805,0.288,134.15,242e3,5,C# minor,76,John Mayer
1Xsprdt1q9rOzTic7b9zYM,Continuum,https://i.scdn.co/image/d9cedc03fcc8430a4d2db3c32a6cea2cde6bd737,2006-09-11,2006-09-11,72,Bold as Love,50DMG6AvtNzbrxMc62w6ph,0.439,0.591,C#,-6.407,major,0.0419,0.0993,0.00225,0.0718,0.397,125.893,258160,4,C# major,56,John Mayer
1Xsprdt1q9rOzTic7b9zYM,Continuum,https://i.scdn.co/image/d9cedc03fcc8430a4d2db3c32a6cea2cde6bd737,2006-09-11,2006-09-11,72,Dreaming with a Broken Heart,7keXdrB4mz57u4b8YkCwag,0.608,0.351,C,-9.316,major,0.03,0.557,0.00892,0.201,0.157,135.976,245747,4,C major,66,John Mayer
1Xsprdt1q9rOzTic7b9zYM,Continuum,https://i.scdn.co/image/d9cedc03fcc8430a4d2db3c32a6cea2cde6bd737,2006-09-11,2006-09-11,72,In Repair,7MRn6wgG0ReDRNYV5wJeGX,0.425,0.588,D,-6.721,major,0.0293,0.0538,0.00144,0.0697,0.395,145.079,367813,4,D major,55,John Mayer
1Xsprdt1q9rOzTic7b9zYM,Continuum,https://i.scdn.co/image/d9cedc03fcc8430a4d2db3c32a6cea2cde6bd737,2006-09-11,2006-09-11,72,I'm Gonna Find Another You,0bYDebBlQxsDR4hCgbbpOW,0.517,0.344,A,-9.925,major,0.0303,0.818,0.00809,0.0763,0.279,75.285,163027,3,A major,57,John Mayer
4Dgxy95K9BWkDUvQPTaYBb,Where the Light Is: John Mayer Live In Los Angeles,https://i.scdn.co/image/132517363ab0fe62a4a7f55e881174b7c928a2c1,2008,2008-01-01,67,"Neon - Live at the Nokia Theatre, Los Angeles, CA - December 2007",7AtsEX4pJqmAaIajlMwaPU,0.435,0.548,C,-12.517,minor,0.0788,0.48,1.03e-4,0.949,0.498,83.64,355733,3,C minor,56,John Mayer
4Dgxy95K9BWkDUvQPTaYBb,Where the Light Is: John Mayer Live In Los Angeles,https://i.scdn.co/image/132517363ab0fe62a4a7f55e881174b7c928a2c1,2008,2008-01-01,67,"Stop This Train - Live at the Nokia Theatre, Los Angeles, CA - December 2007",0HHdujGjOZChTrl8lJWEIq,0.434,0.438,D,-14.67,major,0.0326,0.598,1.81e-4,0.826,0.367,92.001,300200,4,D major,56,John Mayer
4Dgxy95K9BWkDUvQPTaYBb,Where the Light Is: John Mayer Live In Los Angeles,https://i.scdn.co/image/132517363ab0fe62a4a7f55e881174b7c928a2c1,2008,2008-01-01,67,"In Your Atmosphere - Live at the Nokia Theatre, Los Angeles, CA - December 2007",0EUSbTvyZfo9QOcxunL9Ro,0.368,0.44,E,-11.486,major,0.0294,0.713,8.83e-5,0.966,0.285,91.799,345627,4,E major,62,John Mayer
4Dgxy95K9BWkDUvQPTaYBb,Where the Light Is: John Mayer Live In Los Angeles,https://i.scdn.co/image/132517363ab0fe62a4a7f55e881174b7c928a2c1,2008,2008-01-01,67,"Daughters - Live at the Nokia Theatre, Los Angeles, CA - December 2007",5bSPF76iSpI5p00BALV8uo,0.532,0.38,D,-11.008,major,0.0312,0.766,0,0.936,0.409,121.62,304600,3,D major,56,John Mayer
4Dgxy95K9BWkDUvQPTaYBb,Where the Light Is: John Mayer Live In Los Angeles,https://i.scdn.co/image/132517363ab0fe62a4a7f55e881174b7c928a2c1,2008,2008-01-01,67,"Free Fallin' - Live at the Nokia Theatre, Los Angeles, CA - December 2007",4LloVtxNZpeh7q7xdi1DQc,0.315,0.296,F,-13.262,major,0.0317,0.771,0,0.702,0.436,172.638,263573,4,F major,75,John Mayer
4Dgxy95K9BWkDUvQPTaYBb,Where the Light Is: John Mayer Live In Los Angeles,https://i.scdn.co/image/132517363ab0fe62a4a7f55e881174b7c928a2c1,2008,2008-01-01,67,"Everyday I Have The Blues - Live at the Nokia Theatre, Los Angeles, CA - December 2007",6yxobkt0REH26qbM4n9eDC,0.356,0.607,C,-8.284,major,0.0438,0.00419,0.00379,0.934,0.456,98.272,254267,4,C major,51,John Mayer
4Dgxy95K9BWkDUvQPTaYBb,Where the Light Is: John Mayer Live In Los Angeles,https://i.scdn.co/image/132517363ab0fe62a4a7f55e881174b7c928a2c1,2008,2008-01-01,67,"Wait Until Tomorrow - Live at the Nokia Theatre, Los Angeles, CA - December 2007",5SSqUpMby3y8W0qy3JME5E,0.49,0.908,C#,-6.784,major,0.0658,0.0151,0.00147,0.699,0.738,117.948,259160,4,C# major,50,John Mayer
4Dgxy95K9BWkDUvQPTaYBb,Where the Light Is: John Mayer Live In Los Angeles,https://i.scdn.co/image/132517363ab0fe62a4a7f55e881174b7c928a2c1,2008,2008-01-01,67,"Who Did You Think I Was - Live at the Nokia Theatre, Los Angeles, CA - December 2007",5e7ati4Dx5ax2YapfnV5FS,0.292,0.952,G,-6.026,major,0.134,0.0138,0.347,0.795,0.442,99.54,263373,4,G major,51,John Mayer
4Dgxy95K9BWkDUvQPTaYBb,Where the Light Is: John Mayer Live In Los Angeles,https://i.scdn.co/image/132517363ab0fe62a4a7f55e881174b7c928a2c1,2008,2008-01-01,67,"Come When I Call - Live at the Nokia Theatre, Los Angeles, CA - December 2007",1G7Gg1cH4VKBu3XaoCppzC,0.788,0.49,G,-9.14,major,0.0576,0.38,0.00125,0.697,0.658,112.986,203493,4,G major,49,John Mayer
4Dgxy95K9BWkDUvQPTaYBb,Where the Light Is: John Mayer Live In Los Angeles,https://i.scdn.co/image/132517363ab0fe62a4a7f55e881174b7c928a2c1,2008,2008-01-01,67,"Good Love Is On the Way - Live at the Nokia Theatre, Los Angeles, CA - December 2007",6V3Sd5FVnf83LLA6VMP15F,0.228,0.882,D,-6.553,major,0.0749,0.011,0.00699,0.97,0.383,186.658,258933,4,D major,50,John Mayer
4Dgxy95K9BWkDUvQPTaYBb,Where the Light Is: John Mayer Live In Los Angeles,https://i.scdn.co/image/132517363ab0fe62a4a7f55e881174b7c928a2c1,2008,2008-01-01,67,"Out of My Mind - Live at the Nokia Theatre, Los Angeles, CA - December 2007",5WMKS1iDfugyLhfibIlR51,0.393,0.386,G,-10.593,major,0.0389,0.403,0.0688,0.754,0.24,108.527,610533,3,G major,49,John Mayer
4Dgxy95K9BWkDUvQPTaYBb,Where the Light Is: John Mayer Live In Los Angeles,https://i.scdn.co/image/132517363ab0fe62a4a7f55e881174b7c928a2c1,2008,2008-01-01,67,"Vultures - Live at the Nokia Theatre, Los Angeles, CA - December 2007",2pNllR1aL6MFh1npf0376T,0.746,0.609,A,-10.14,major,0.0332,0.357,0.00713,0.959,0.608,99.94,319933,4,A major,53,John Mayer
4Dgxy95K9BWkDUvQPTaYBb,Where the Light Is: John Mayer Live In Los Angeles,https://i.scdn.co/image/132517363ab0fe62a4a7f55e881174b7c928a2c1,2008,2008-01-01,67,"Bold as Love - Live at the Nokia Theatre, Los Angeles, CA - December 2007",72UCrt0G2z6QQkvzEw9dGQ,0.386,0.596,C#,-9.02,major,0.0802,0.0509,6.46e-4,0.966,0.327,104.291,517973,4,C# major,50,John Mayer
4Dgxy95K9BWkDUvQPTaYBb,Where the Light Is: John Mayer Live In Los Angeles,https://i.scdn.co/image/132517363ab0fe62a4a7f55e881174b7c928a2c1,2008,2008-01-01,67,"Waiting On the World to Change - Live at the Nokia Theatre, Los Angeles, CA - December 2007",75LltETkbWa2OKmJ1AEoM3,0.541,0.91,D,-6.289,major,0.116,0.145,0,0.971,0.536,88.117,230800,4,D major,51,John Mayer
4Dgxy95K9BWkDUvQPTaYBb,Where the Light Is: John Mayer Live In Los Angeles,https://i.scdn.co/image/132517363ab0fe62a4a7f55e881174b7c928a2c1,2008,2008-01-01,67,"Slow Dancing in a Burning Room - Live at the Nokia Theatre, Los Angeles, CA - December 2007",4OT8GH9u9Gx7ydJ49ULunN,0.514,0.536,C#,-7.13,minor,0.0288,0.2,8.45e-5,0.727,0.451,133.848,319227,4,C# minor,57,John Mayer
4Dgxy95K9BWkDUvQPTaYBb,Where the Light Is: John Mayer Live In Los Angeles,https://i.scdn.co/image/132517363ab0fe62a4a7f55e881174b7c928a2c1,2008,2008-01-01,67,"Why Georgia - Live at the Nokia Theatre, Los Angeles, CA - December 2007",2Rvhjn78vg0rnuBHCdtz9P,0.421,0.759,G,-6.739,major,0.034,0.0217,0,0.959,0.418,99.431,267400,4,G major,52,John Mayer
4Dgxy95K9BWkDUvQPTaYBb,Where the Light Is: John Mayer Live In Los Angeles,https://i.scdn.co/image/132517363ab0fe62a4a7f55e881174b7c928a2c1,2008,2008-01-01,67,"The Heart of Life - Live at the Nokia Theatre, Los Angeles, CA - December 2007",15Ev5G9uLhXqjBH4t16GQq,0.411,0.387,C#,-12.565,major,0.0308,0.776,1.08e-4,0.703,0.329,90.303,220133,4,C# major,51,John Mayer
4Dgxy95K9BWkDUvQPTaYBb,Where the Light Is: John Mayer Live In Los Angeles,https://i.scdn.co/image/132517363ab0fe62a4a7f55e881174b7c928a2c1,2008,2008-01-01,67,"I Don't Need No Doctor - Live at the Nokia Theatre, Los Angeles, CA - December 2007",4MeXE7YF459t1PbFTtAklF,0.25,0.903,B,-4.772,minor,0.081,0.0575,3.83e-4,0.966,0.571,172.182,362573,4,B minor,51,John Mayer
4Dgxy95K9BWkDUvQPTaYBb,Where the Light Is: John Mayer Live In Los Angeles,https://i.scdn.co/image/132517363ab0fe62a4a7f55e881174b7c928a2c1,2008,2008-01-01,67,"Gravity - Live at the Nokia Theatre, Los Angeles, CA - December 2007",68KdvPllp9Pug8ZG6AByFY,0.478,0.323,G,-9.159,major,0.0341,0.614,0.00898,0.796,0.293,115.804,581067,3,G major,55,John Mayer
4Dgxy95K9BWkDUvQPTaYBb,Where the Light Is: John Mayer Live In Los Angeles,https://i.scdn.co/image/132517363ab0fe62a4a7f55e881174b7c928a2c1,2008,2008-01-01,67,"I Don't Trust Myself (With Loving You) - Live at the Nokia Theatre, Los Angeles, CA - December 2007",79H87DHga7uOxkvFRGa4a8,0.62,0.487,A,-8.266,minor,0.0346,0.441,0.00571,0.942,0.462,83.943,524893,4,A minor,51,John Mayer
1V5vQRMWTNGmqwxY8jMVou,Battle Studies,https://i.scdn.co/image/4b2d6adf523ac55d209f629ef80d2e5383679ec8,2009-11-13,2009-11-13,65,Heartbreak Warfare,4gs07VlJST4bdxGbBsXVue,0.624,0.554,D,-8.113,major,0.0225,0.191,0.00131,0.299,0.311,97.031,269720,4,D major,65,John Mayer
1V5vQRMWTNGmqwxY8jMVou,Battle Studies,https://i.scdn.co/image/4b2d6adf523ac55d209f629ef80d2e5383679ec8,2009-11-13,2009-11-13,65,All We Ever Do Is Say Goodbye,5DydMbw2U5Oh1OckJIsniN,0.559,0.51,F,-8.294,minor,0.0247,0.288,5.31e-5,0.242,0.327,129.881,275267,4,F minor,60,John Mayer
1V5vQRMWTNGmqwxY8jMVou,Battle Studies,https://i.scdn.co/image/4b2d6adf523ac55d209f629ef80d2e5383679ec8,2009-11-13,2009-11-13,65,Half of My Heart,7hR5toSPEgwFZ78jfHdANM,0.681,0.593,F,-9.327,major,0.0251,0.435,1.17e-4,0.106,0.731,115.058,250373,4,F major,65,John Mayer
1V5vQRMWTNGmqwxY8jMVou,Battle Studies,https://i.scdn.co/image/4b2d6adf523ac55d209f629ef80d2e5383679ec8,2009-11-13,2009-11-13,65,Who Says,0HLWvLKQWpFdPhgk6ym58n,0.584,0.509,D,-13.109,major,0.0287,0.267,0.00252,0.36,0.367,90.457,175480,4,D major,69,John Mayer
1V5vQRMWTNGmqwxY8jMVou,Battle Studies,https://i.scdn.co/image/4b2d6adf523ac55d209f629ef80d2e5383679ec8,2009-11-13,2009-11-13,65,Perfectly Lonely,42dbDZX9bsEGqMZWYmnR7J,0.678,0.53,C,-8.515,major,0.024,0.00987,2.74e-4,0.0437,0.678,91.779,268093,4,C major,60,John Mayer
1V5vQRMWTNGmqwxY8jMVou,Battle Studies,https://i.scdn.co/image/4b2d6adf523ac55d209f629ef80d2e5383679ec8,2009-11-13,2009-11-13,65,Assassin,6OXt9aSIr4DSxSR3Qjrtgp,0.54,0.643,B,-9.088,minor,0.0485,0.302,1.35e-4,0.0881,0.593,159.929,314853,4,B minor,54,John Mayer
1V5vQRMWTNGmqwxY8jMVou,Battle Studies,https://i.scdn.co/image/4b2d6adf523ac55d209f629ef80d2e5383679ec8,2009-11-13,2009-11-13,65,Crossroads,4WBmkMJyWubRXRLYk8t9SI,0.894,0.507,G,-6.945,major,0.0564,0.221,0.0661,0.0642,0.916,114.216,149387,4,G major,53,John Mayer
1V5vQRMWTNGmqwxY8jMVou,Battle Studies,https://i.scdn.co/image/4b2d6adf523ac55d209f629ef80d2e5383679ec8,2009-11-13,2009-11-13,65,War of My Life,1Jc3tGa11ITNgph0yewlqn,0.763,0.428,F#,-13.486,minor,0.032,0.354,0.0889,0.106,0.474,117.938,255120,4,F# minor,53,John Mayer
1V5vQRMWTNGmqwxY8jMVou,Battle Studies,https://i.scdn.co/image/4b2d6adf523ac55d209f629ef80d2e5383679ec8,2009-11-13,2009-11-13,65,Edge of Desire,5gbxzSqABThINGDb7vIiwe,0.606,0.441,A,-9.303,major,0.0272,0.326,0.0128,0.116,0.455,66.443,332067,3,A major,62,John Mayer
1V5vQRMWTNGmqwxY8jMVou,Battle Studies,https://i.scdn.co/image/4b2d6adf523ac55d209f629ef80d2e5383679ec8,2009-11-13,2009-11-13,65,Do You Know Me,7BgGj9choLPeJJOflkaAhB,0.538,0.317,E,-15.237,minor,0.0299,0.887,0.424,0.112,0.272,79.929,150320,4,E minor,51,John Mayer
1V5vQRMWTNGmqwxY8jMVou,Battle Studies,https://i.scdn.co/image/4b2d6adf523ac55d209f629ef80d2e5383679ec8,2009-11-13,2009-11-13,65,"Friends, Lovers or Nothing",1wkaoS4jTVXYMUWHKVFZTk,0.526,0.672,A,-7.89,major,0.029,0.0266,0.014,0.133,0.388,134.332,359240,4,A major,53,John Mayer
6S0BIiWtnqU0PtumXMpin0,Born and Raised,https://i.scdn.co/image/e176f41b0424fe163f85d12df116ea15ac7351e2,2012-05-18,2012-05-18,62,Queen of California,0CETmgFGt8Ne8vLnaLcduU,0.536,0.738,E,-11.02,major,0.031,0.638,0.446,0.0736,0.707,83.048,250133,4,E major,62,John Mayer
6S0BIiWtnqU0PtumXMpin0,Born and Raised,https://i.scdn.co/image/e176f41b0424fe163f85d12df116ea15ac7351e2,2012-05-18,2012-05-18,62,The Age of Worry,1RywwImkBFUEVcRTBmw7vL,0.508,0.362,G,-9.24,major,0.0251,0.342,4.48e-5,0.146,0.294,67.339,157587,4,G major,58,John Mayer
6S0BIiWtnqU0PtumXMpin0,Born and Raised,https://i.scdn.co/image/e176f41b0424fe163f85d12df116ea15ac7351e2,2012-05-18,2012-05-18,62,Shadow Days,3RgR3cFZ6xh7MlB9DURK6e,0.52,0.559,D,-9.615,major,0.0254,0.0736,0.349,0.116,0.254,146.944,228173,4,D major,58,John Mayer
6S0BIiWtnqU0PtumXMpin0,Born and Raised,https://i.scdn.co/image/e176f41b0424fe163f85d12df116ea15ac7351e2,2012-05-18,2012-05-18,62,Speak For Me,7cZ3yjXUsoDsSAUtnf0F8V,0.687,0.379,A,-11.473,major,0.0284,0.572,0.0104,0.129,0.173,112.951,224680,4,A major,52,John Mayer
6S0BIiWtnqU0PtumXMpin0,Born and Raised,https://i.scdn.co/image/e176f41b0424fe163f85d12df116ea15ac7351e2,2012-05-18,2012-05-18,62,Something Like Olivia,1aiDlPLPljMFUylWjMZras,0.771,0.424,G,-12.156,major,0.0374,0.595,3.72e-4,0.0788,0.638,98.795,180627,4,G major,61,John Mayer
6S0BIiWtnqU0PtumXMpin0,Born and Raised,https://i.scdn.co/image/e176f41b0424fe163f85d12df116ea15ac7351e2,2012-05-18,2012-05-18,62,Born and Raised,5RYTpsSI7op7UZznXWqhIP,0.656,0.375,C,-9.205,major,0.0248,0.355,0.0069,0.279,0.313,131.8,287640,4,C major,59,John Mayer
6S0BIiWtnqU0PtumXMpin0,Born and Raised,https://i.scdn.co/image/e176f41b0424fe163f85d12df116ea15ac7351e2,2012-05-18,2012-05-18,62,If I Ever Get Around To Living,6Oi3mUl8WwfTVRqEwByZ7R,0.559,0.468,C,-12.738,major,0.0284,0.532,0.129,0.257,0.316,80.014,321720,4,C major,53,John Mayer
6S0BIiWtnqU0PtumXMpin0,Born and Raised,https://i.scdn.co/image/e176f41b0424fe163f85d12df116ea15ac7351e2,2012-05-18,2012-05-18,62,Love Is A Verb,03XjpGGdsIPouALXem2Cku,0.738,0.284,A,-12,major,0.0425,0.445,0.00129,0.119,0.461,65.977,144400,4,A major,58,John Mayer
6S0BIiWtnqU0PtumXMpin0,Born and Raised,https://i.scdn.co/image/e176f41b0424fe163f85d12df116ea15ac7351e2,2012-05-18,2012-05-18,62,"Walt Grace's Submarine Test, January 1967",5S3NpJBqacEUrxceiAy5lI,0.44,0.372,F#,-10.6,major,0.0328,0.798,5.64e-5,0.118,0.281,159.887,307987,4,F# major,53,John Mayer
6S0BIiWtnqU0PtumXMpin0,Born and Raised,https://i.scdn.co/image/e176f41b0424fe163f85d12df116ea15ac7351e2,2012-05-18,2012-05-18,62,"Whiskey, Whiskey, Whiskey",50YQFbfIVk2XMnVFKAuuib,0.414,0.421,E,-9.488,minor,0.0331,0.294,8.21e-4,0.135,0.185,113.108,278667,5,E minor,55,John Mayer
6S0BIiWtnqU0PtumXMpin0,Born and Raised,https://i.scdn.co/image/e176f41b0424fe163f85d12df116ea15ac7351e2,2012-05-18,2012-05-18,62,A Face To Call Home,601913bnwOH19HblKXMr2d,0.529,0.375,D,-10.59,major,0.0247,0.305,3.29e-5,0.0861,0.275,136.071,285307,4,D major,52,John Mayer
6S0BIiWtnqU0PtumXMpin0,Born and Raised,https://i.scdn.co/image/e176f41b0424fe163f85d12df116ea15ac7351e2,2012-05-18,2012-05-18,62,Born and Raised - Reprise,5pmEPJ1DnCLqQkUT4B2wAp,0.71,0.439,G,-8.56,major,0.0242,0.646,0.00686,0.133,0.638,107.983,120707,4,G major,50,John Mayer
712VoD72K500yLhhgqCyVe,Paradise Valley,https://i.scdn.co/image/a615f09cdf83957cde9e43ca5b96bebed7fae938,2013-08-16,2013-08-16,64,Wildfire,0QTCTu0CXv4X1JEE4gNpGv,0.719,0.665,G#,-8.589,major,0.0331,0.15,9.2e-4,0.144,0.763,96.999,253493,4,G# major,64,John Mayer
712VoD72K500yLhhgqCyVe,Paradise Valley,https://i.scdn.co/image/a615f09cdf83957cde9e43ca5b96bebed7fae938,2013-08-16,2013-08-16,64,Dear Marie,5Aq5TIy9jVK70aL7xcE9oa,0.601,0.36,A,-10.909,major,0.0262,0.796,0.437,0.0883,0.494,94.999,222720,4,A major,62,John Mayer
712VoD72K500yLhhgqCyVe,Paradise Valley,https://i.scdn.co/image/a615f09cdf83957cde9e43ca5b96bebed7fae938,2013-08-16,2013-08-16,64,Waitin' On The Day,58ImA5yX8b5UkLy9MDXwWO,0.656,0.438,G,-8.631,major,0.0282,0.797,0.0522,0.142,0.305,119.996,273067,4,G major,59,John Mayer
712VoD72K500yLhhgqCyVe,Paradise Valley,https://i.scdn.co/image/a615f09cdf83957cde9e43ca5b96bebed7fae938,2013-08-16,2013-08-16,64,Paper Doll,5FDh0G5oQ2UD9JxWiDCT1x,0.658,0.475,G,-11.703,major,0.0292,0.521,0.0067,0.176,0.685,153.851,257387,4,G major,62,John Mayer
712VoD72K500yLhhgqCyVe,Paradise Valley,https://i.scdn.co/image/a615f09cdf83957cde9e43ca5b96bebed7fae938,2013-08-16,2013-08-16,64,Call Me The Breeze,2c4FRqXnna2YeC4lShVONV,0.628,0.662,C#,-9.731,minor,0.0463,0.424,0.252,0.0781,0.892,174.096,205360,4,C# minor,54,John Mayer
712VoD72K500yLhhgqCyVe,Paradise Valley,https://i.scdn.co/image/a615f09cdf83957cde9e43ca5b96bebed7fae938,2013-08-16,2013-08-16,64,Who You Love,7IByJvSqRFltGyiiIiL4wn,0.694,0.351,A,-10.92,major,0.0382,0.813,0.00165,0.097,0.691,145.907,249933,4,A major,66,John Mayer
712VoD72K500yLhhgqCyVe,Paradise Valley,https://i.scdn.co/image/a615f09cdf83957cde9e43ca5b96bebed7fae938,2013-08-16,2013-08-16,64,I Will Be Found (Lost At Sea),05Ez6KwjICkscWQVTsT3f5,0.563,0.401,F,-9.073,major,0.0243,0.415,0.00305,0.158,0.277,139.863,241347,4,F major,59,John Mayer
712VoD72K500yLhhgqCyVe,Paradise Valley,https://i.scdn.co/image/a615f09cdf83957cde9e43ca5b96bebed7fae938,2013-08-16,2013-08-16,64,Wildfire,4wOYt5nULk1Cu8pwJWk26m,0.505,0.119,G,-17.252,major,0.0425,0.893,0,0.198,0.371,85.953,85840,4,G major,57,John Mayer
712VoD72K500yLhhgqCyVe,Paradise Valley,https://i.scdn.co/image/a615f09cdf83957cde9e43ca5b96bebed7fae938,2013-08-16,2013-08-16,64,You're No One 'Til Someone Lets You Down,6zQ1OjnGS4GiEOHje3tDX3,0.578,0.501,C,-12.01,major,0.0296,0.306,1.39e-4,0.209,0.807,96.122,165e3,4,C major,51,John Mayer
712VoD72K500yLhhgqCyVe,Paradise Valley,https://i.scdn.co/image/a615f09cdf83957cde9e43ca5b96bebed7fae938,2013-08-16,2013-08-16,64,Badge And Gun,4dnwtykvirYJPQOL0OgL6B,0.611,0.259,G,-12.069,major,0.0302,0.863,0,0.108,0.429,128.89,192307,4,G major,52,John Mayer
712VoD72K500yLhhgqCyVe,Paradise Valley,https://i.scdn.co/image/a615f09cdf83957cde9e43ca5b96bebed7fae938,2013-08-16,2013-08-16,64,On The Way Home,4Fz1WWr5o0OrlIcZxcyZtK,0,0.0721,D,-22.48,major,0,0.618,0.694,0,0,0,7229,0,D major,52,John Mayer
0jZFu2tihRJ65iYAo0oOtP,The Search for Everything,https://i.scdn.co/image/dfa9264c5427a0dfcfdf99a6592d608b42420e84,2017-04-14,2017-04-14,70,Still Feel Like Your Man,1LM6t24SjQr2bJHqeGIR4U,0.858,0.6,D,-6.677,major,0.063,0.547,0.00113,0.132,0.513,106.023,234920,4,D major,67,John Mayer
0jZFu2tihRJ65iYAo0oOtP,The Search for Everything,https://i.scdn.co/image/dfa9264c5427a0dfcfdf99a6592d608b42420e84,2017-04-14,2017-04-14,70,Emoji of a Wave,5ddXMXmXZ2FN4iliTG20nO,0.494,0.365,B,-8.92,major,0.0279,0.771,9.78e-4,0.139,0.191,165.766,239667,4,B major,66,John Mayer
0jZFu2tihRJ65iYAo0oOtP,The Search for Everything,https://i.scdn.co/image/dfa9264c5427a0dfcfdf99a6592d608b42420e84,2017-04-14,2017-04-14,70,Helpless,701DK0It9f7iurRnzKvF0y,0.761,0.598,A,-5.838,minor,0.0268,0.151,0.00259,0.0314,0.937,103.978,249120,4,A minor,64,John Mayer
0jZFu2tihRJ65iYAo0oOtP,The Search for Everything,https://i.scdn.co/image/dfa9264c5427a0dfcfdf99a6592d608b42420e84,2017-04-14,2017-04-14,70,Love on the Weekend,0oiCeOPwm4zhwfyIpAE37y,0.718,0.583,G,-7.884,major,0.0288,0.623,6.62e-4,0.0612,0.422,119.97,212320,4,G major,65,John Mayer
0jZFu2tihRJ65iYAo0oOtP,The Search for Everything,https://i.scdn.co/image/dfa9264c5427a0dfcfdf99a6592d608b42420e84,2017-04-14,2017-04-14,70,In the Blood,77Y57qRJBvkGCUw9qs0qMg,0.546,0.657,G#,-6.526,major,0.0255,0.386,1.03e-5,0.0983,0.52,80.007,243667,4,G# major,71,John Mayer
0jZFu2tihRJ65iYAo0oOtP,The Search for Everything,https://i.scdn.co/image/dfa9264c5427a0dfcfdf99a6592d608b42420e84,2017-04-14,2017-04-14,70,Changing,6eIygPhGcBFKKcxlGTJlY0,0.444,0.336,C,-7.778,major,0.0282,0.587,0.00274,0.132,0.392,183.345,213080,3,C major,62,John Mayer
0jZFu2tihRJ65iYAo0oOtP,The Search for Everything,https://i.scdn.co/image/dfa9264c5427a0dfcfdf99a6592d608b42420e84,2017-04-14,2017-04-14,70,"Theme from ""The Search for Everything""",1G4s7WkhgmdQvYaGCHjw1G,0.595,0.337,G,-11.06,major,0.0263,0.897,0.935,0.121,0.362,90.973,111773,4,G major,60,John Mayer
0jZFu2tihRJ65iYAo0oOtP,The Search for Everything,https://i.scdn.co/image/dfa9264c5427a0dfcfdf99a6592d608b42420e84,2017-04-14,2017-04-14,70,Moving On and Getting Over,1crSsvtU9wZB15dIQXV2QH,0.85,0.461,F#,-9.018,minor,0.053900000000000003,0.591,0.0409,0.1,0.628,94.038,265360,4,F# minor,65,John Mayer
0jZFu2tihRJ65iYAo0oOtP,The Search for Everything,https://i.scdn.co/image/dfa9264c5427a0dfcfdf99a6592d608b42420e84,2017-04-14,2017-04-14,70,Never on the Day You Leave,3TQbr3G3U5wlwEJejmqC1F,0.535,0.354,D,-8.61,major,0.026,0.73,1.24e-5,0.138,0.22,139.889,220867,4,D major,65,John Mayer
0jZFu2tihRJ65iYAo0oOtP,The Search for Everything,https://i.scdn.co/image/dfa9264c5427a0dfcfdf99a6592d608b42420e84,2017-04-14,2017-04-14,70,Rosie,5KsLlcmWDoHUoJFzRw14wD,0.758,0.465,G,-6.547,major,0.0374,0.489,5.21e-5,0.116,0.759,138.902,240627,4,G major,66,John Mayer
0jZFu2tihRJ65iYAo0oOtP,The Search for Everything,https://i.scdn.co/image/dfa9264c5427a0dfcfdf99a6592d608b42420e84,2017-04-14,2017-04-14,70,Roll it on Home,0Zrug5Ry3x6x60lohpEU0C,0.611,0.696,D,-6.737,major,0.0302,0.624,0.014,0.124,0.706,154.954,202813,4,D major,61,John Mayer
0jZFu2tihRJ65iYAo0oOtP,The Search for Everything,https://i.scdn.co/image/dfa9264c5427a0dfcfdf99a6592d608b42420e84,2017-04-14,2017-04-14,70,You're Gonna Live Forever in Me,51lPx6ZCSalL2kvSrDUyJc,0.538,0.131,G,-14.104,major,0.0316,0.983,0.00522,0.156,0.32,136.149,190013,4,G major,65,John Mayer
